{
    "labels": [
        "unknown",
        "V1v",
        "V1d",
        "V2v",
        "V2d",
        "V3v",
        "V3d",
        "hV4",
        "VO1",
        "VO2",
        "PHC1",
        "PHC2",
        "TO2",
        "TO1",
        "LO2",
        "LO1",
        "V3b",
        "V3a",
        "IPS0",
        "IPS1",
        "IPS2",
        "IPS3",
        "IPS4",
        "IPS5",
        "SPL1",
        "hFEF"
    ],
    "label2index": {
        "hFEF": 25,
        "SPL1": 24,
        "IPS5": 23,
        "IPS4": 22,
        "IPS3": 21,
        "IPS2": 20,
        "IPS1": 19,
        "IPS0": 18,
        "TO2": 12,
        "TO1": 13,
        "LO2": 14,
        "LO1": 15,
        "V3b": 16,
        "V3a": 17,
        "V3d": 6,
        "V2d": 4,
        "V1d": 2,
        "V1v": 1,
        "V2v": 3,
        "V3v": 5,
        "hV4": 7,
        "VO1": 8,
        "VO2": 9,
        "PHC1": 10,
        "PHC2": 11
    }
}