DOI code,Jorunal
s41562-023-01704-8,Nature Human Behaviour
s41562-023-01662-1,Nature Human Behaviour
s41562-023-01573-1,Nature Human Behaviour
s41562-022-01455-y,Nature Human Behaviour
s41562-022-01405-8,Nature Human Behaviour
s41562-022-01357-z,Nature Human Behaviour
s41562-022-01352-4,Nature Human Behaviour
s41562-021-01207-4,Nature Human Behaviour
s41562-019-0714-3,Nature Human Behaviour
s41562-019-0628-0,Nature Human Behaviour
s41562-019-0603-9,Nature Human Behaviour
s41562-018-0526-x,Nature Human Behaviour
s41562-022-01445-0,Nature Human Behaviour
s41562-020-00967-9,Nature Human Behaviour
s41562-020-0919-5,Nature Human Behaviour
s41562-019-0811-3,Nature Human Behaviour
s41562-018-0324-5,Nature Human Behaviour
s41562-018-0297-4,Nature Human Behaviour
s41562-023-01719-1,Nature Human Behaviour
s41562-023-01643-4,Nature Human Behaviour
s41562-023-01602-z,Nature Human Behaviour
s41562-023-01570-4,Nature Human Behaviour
s41562-023-01548-2,Nature Human Behaviour
s41562-023-01543-7,Nature Human Behaviour
s41562-022-01505-5,Nature Human Behaviour
s41562-022-01464-x,Nature Human Behaviour
s41562-022-01346-2,Nature Human Behaviour
s41562-022-01332-8,Nature Human Behaviour
s41562-022-01306-w,Nature Human Behaviour
s41562-021-01263-w,Nature Human Behaviour
s41562-021-01116-6,Nature Human Behaviour
s41562-021-01057-0,Nature Human Behaviour
s41562-020-00953-1,Nature Human Behaviour
s41562-020-00942-4,Nature Human Behaviour
s41562-020-0929-3,Nature Human Behaviour
s41562-019-0637-z,Nature Human Behaviour
s41562-019-0584-8,Nature Human Behaviour
s41562-019-0537-2,Nature Human Behaviour
s41562-018-0467-4,Nature Human Behaviour
s41562-018-0455-8,Nature Human Behaviour
s41562-018-0423-3,Nature Human Behaviour
s41562-018-0355-y,Nature Human Behaviour
s41562-020-0905-y,Nature Human Behaviour
s41562-019-0804-2,Nature Human Behaviour
s41562-019-0682-7,Nature Human Behaviour
s41586-023-06124-2,Nature
s41586-022-04743-9,Nature
s41586-021-04129-3,Nature
s41586-018-0460-0,Nature
science.aay8477,Science
science.aaw5181,Science
science.aat0036,Science