{
    "convergence_threshold": [ 1e-06, 1e-06, 1e-06, 1e-6 ],
    "convergence_window_size": [ 10, 10, 10, 10 ],
    "dimension": 3,
    "interpolation": "LanczosWindowedSinc",
    "metric": [ "Mattes", "Mattes", "Mattes", "CC" ],
    "metric_weight": [ 1, 1, 1, 1 ],
    "number_of_iterations": [ [ 1000, 300, 100 ], [ 1000, 300, 100 ], [ 1000, 300, 100 ], [ 100, 100, 50 ] ],
    "radius_or_number_of_bins": [ 32, 32, 32, 4 ],
    "sampling_percentage": [ 0.3, 0.3, 0.3, 1.0 ],
    "sampling_strategy": [ "Regular", "Regular", "Regular", "None" ],
    "shrink_factors": [ [ 8, 4, 2 ], [ 4, 2, 1 ], [ 4, 2, 1 ], [ 4, 2, 1 ] ],
    "sigma_units": [ "vox", "vox", "vox", "vox" ],
    "smoothing_sigmas": [ [ 4, 2, 1 ],  [ 4, 2, 1 ], [ 2, 1, 0 ], [ 1, 0.5, 0 ] ],
    "transform_parameters": [ [ 0.1 ], [ 0.1 ], [ 0.1 ], [ 0.1, 3.0, 0.0 ] ],
    "transforms": [ "Translation", "Rigid", "Affine", "SyN" ],
    "use_estimate_learning_rate_once": [ true, true, true, true ],
    "use_histogram_matching": [ true, true, true, true ],
    "winsorize_lower_quantile": 0.005,
    "winsorize_upper_quantile": 0.995,
    "write_composite_transform": false
}
