{
    "collapse_output_transforms": true,
    "convergence_threshold": [ 1e-06, 1e-06, 1e-06 ],
    "convergence_window_size": [ 10, 10, 10 ],
    "dimension": 3,
    "interpolation": "LanczosWindowedSinc",
    "metric": [ "CC", "MI", "CC" ],
    "metric_weight": [ 0.7, 0.7, 1 ],
    "number_of_iterations": [ [ 1000, 500 ], [ 1000, 500 ], [ 500, 100 ] ],
    "output_warped_image": true,
    "radius_or_number_of_bins": [ 32, 32, 2 ],
    "sampling_percentage": [ 0.1, 0.1, 1.0 ],
    "sampling_strategy": [ "Regular", "Regular", "None" ],
    "shrink_factors": [ [ 2, 1 ], [ 2, 1 ], [ 2, 1 ] ],
    "sigma_units": [ "vox", "vox", "vox" ],
    "smoothing_sigmas": [ [ 1, 0 ], [ 1, 0 ], [ 1, 0 ] ],
    "transform_parameters": [ [ 0.05 ], [ 0.1 ], [ 0.1, 2.0, 0.0 ] ],
    "transforms": [ "Rigid", "Affine", "SyN" ],
    "use_estimate_learning_rate_once": [ false, false, false ],
    "use_histogram_matching": [ false, false, false ],
    "winsorize_lower_quantile": 0.005,
    "winsorize_upper_quantile": 0.995,
    "write_composite_transform": false
}
