{
    "collapse_output_transforms": true,
    "convergence_threshold": [ 1e-06, 1e-06, 1e-06 ],
    "convergence_window_size": [ 20, 20, 10 ],
    "dimension": 3,
    "interpolation": "LanczosWindowedSinc",
    "metric": [ "Mattes", "Mattes", "CC" ],
    "metric_weight": [ 1, 1, 1 ],
    "number_of_iterations": [ [ 100, 100 ], [ 100, 100 ], [ 100, 70, 50, 20 ] ],
    "output_transform_prefix": "ants_t1_to_mni",
    "output_warped_image": true,
    "radius_or_number_of_bins": [ 56, 56, 4 ],
    "sampling_percentage": [ 0.25, 0.25, 1.0 ],
    "sampling_strategy": [ "Regular", "Regular", "None" ],
    "shrink_factors": [ [ 2, 1 ], [ 2, 1 ], [ 8, 4, 2, 1 ] ],
    "sigma_units": [ "vox", "vox", "vox" ],
    "smoothing_sigmas": [ [ 2, 1 ],  [ 1, 0 ], [ 3, 2, 1, 0 ] ],
    "transform_parameters": [ [ 0.05 ], [ 0.08 ], [ 0.1, 3.0, 0.0 ] ],
    "transforms": [ "Rigid", "Affine", "SyN" ],
    "use_estimate_learning_rate_once": [ true, true, true ],
    "use_histogram_matching": [ true, true, true ],
    "winsorize_lower_quantile": 0.005,
    "winsorize_upper_quantile": 0.995,
    "write_composite_transform": true
}
